HEALTH REGION,SETTLEMENT,TOTAL
Central River Region,Abeokuta,209
Central River Region,Ahalulai,728
Central River Region,Alhagie Abdoulie Leigh,200
Central River Region,Allatentu,488
Central River Region,Amat Jallow,119
Central River Region,Amsterdam,12
Central River Region,Anish Kunda,183
Central River Region,Babou Jobe,621
Central River Region,Bakadagi Mandinka,318
Central River Region,Bakadagi Toranka,134
Central River Region,Bakadagie,1045
Central River Region,Balangarr Njok,146
Central River Region,Balanghar Benteng Ke,361
Central River Region,Balanghar Chamen,102
Central River Region,Balanghar Kerr Jarga,225
Central River Region,Balanghar Njien,19
Central River Region,Balanghar Njoben,117
Central River Region,Balanghar Pallen Ndimba,115
Central River Region,Balangharr Choyen,253
Central River Region,Balangharr Jalato Ndery,174
Central River Region,Balangharr Kerr Majara,60
Central River Region,Balangharr Sey Kunda,114
Central River Region,Balangharr Wharf Town,158
Central River Region,Ballanghar Kerr Jibel,110
Central River Region,Ballanghar Kerr Nderry,1289
Central River Region,Bamba Kolong,177
Central River Region,Bambaya (Dankunu Fula),199
Central River Region,Bangherr,323
Central River Region,Banjulunding,179
Central River Region,Bankuba Samboido,105
Central River Region,Bankuba Yero Yel,69
Central River Region,Banni,549
Central River Region,Banni,233
Central River Region,Banni Daka,17
Central River Region,Bansang,7938
Central River Region,Bantang Koto Mandinka,72
Central River Region,Bantang Koto Njama,208
Central River Region,Bantangel,157
Central River Region,Bantanto,254
Central River Region,Bantanto,1658
Central River Region,Bantanto Jawara Jallow,373
Central River Region,Bantanto Ker Alagie Demba,115
Central River Region,Bantanto Ker Lai,100
Central River Region,Bantanto Kerr Issab,254
Central River Region,Bantanton Kerr Ebrima Khan (Kerr Sulay),407
Central River Region,Barajally Suba,761
Central River Region,Barajally Tenda,141
Central River Region,Barrow Kunda,620
Central River Region,Bati Jaha,301
Central River Region,Bati Jamagen,310
Central River Region,Bati Khai,396
Central River Region,Bati Ndarr,1368
Central River Region,Bati Yongo,265
Central River Region,Batty Njoll,1266
Central River Region,Baya-Bah,719
Central River Region,Bohole,22
Central River Region,Boiram/Denton,1847
Central River Region,Boiram/Denton-B,29
Central River Region,Boraba,367
Central River Region,Bowe Fula,249
Central River Region,Brikama / Lefaye,37
Central River Region,Brikamaba,4238
Central River Region,Brikamanding,1289
Central River Region,Buduck,91
Central River Region,Buduck,429
Central River Region,Bukary Kunda (Singhateh Kunda),16
Central River Region,Buniadou,56
Central River Region,Buntung,151
Central River Region,Buruko,82
Central River Region,Bush Town,343
Central River Region,Busura,373
Central River Region,Carol Wharf,13
Central River Region,Ceesay Kunda,99
Central River Region,Cha Kunda,849
Central River Region,Chamen,1427
Central River Region,Chamen,88
Central River Region,Chamen Baka,191
Central River Region,Changai Tukulor,274
Central River Region,Changai Wollof,463
Central River Region,Charen,265
Central River Region,Chargel,495
Central River Region,Chewell Jaka Alpha,152
Central River Region,Choya,187
Central River Region,Dalaba,303
Central River Region,Dankunku,954
Central River Region,Daraman,125
Central River Region,Darsilameh,1358
Central River Region,Daru,505
Central River Region,Daru Mbaine / Yundum,194
Central River Region,Daru Salam,227
Central River Region,Daru Salam,115
Central River Region,Daru Salam (Sinchu Dura),77
Central River Region,Darusalam,196
Central River Region,Darusalam,217
Central River Region,Dasilameh,41
Central River Region,Deeney Kunda,4
Central River Region,Demba Kali,241
Central River Region,Demba Kumbel (Sabari),108
Central River Region,Demba Kunda,58
Central River Region,Demba Kunda,132
Central River Region,Demfai Karim,37
Central River Region,Demfai Njaga,606
Central River Region,Dingerai,401
Central River Region,Dingirai Ansu,72
Central River Region,Dingrai,77
Central River Region,Dobo,758
Central River Region,Dobong Kunda,1285
Central River Region,Dobong Kunda Bakary,146
Central River Region,Doke Allah,387
Central River Region,Fafa Samba Mbery,109
Central River Region,Faraba,401
Central River Region,Faraba Sorry Kandeh,117
Central River Region,Farato Njabo,190
Central River Region,Farato Sambayel,153
Central River Region,Fass,927
Central River Region,Fass Abdou Sey,772
Central River Region,Fass Bellal,214
Central River Region,Fass Njama / Abdoulie Leigh,91
Central River Region,Fitu Fula,258
Central River Region,Fitu Wollof,97
Central River Region,Fori,249
Central River Region,Fory,218
Central River Region,Fridawsy,380
Central River Region,Fuga,327
Central River Region,Fula Bantang,802
Central River Region,Gabou Faramba (Sinchu Faramba),214
Central River Region,Galleh Manda,2448
Central River Region,Galleh Wollof,466
Central River Region,Geinge Tukulorr,156
Central River Region,Geinge Wollof,502
Central River Region,Gidda,436
Central River Region,Gingory Manga,21
Central River Region,Gingory Mustapha,296
Central River Region,Gori,50
Central River Region,Gui Jahanka,54
Central River Region,Gui Jahanka,349
Central River Region,Gungurr Tukulor,357
Central River Region,Gungurr Wollof,320
Central River Region,Hamdalai,148
Central River Region,Hamdalai / Sinchu Mbara,323
Central River Region,Hosnanu Ker Kodu,166
Central River Region,Jafai Koto,268
Central River Region,Jafai Kuta,183
Central River Region,Jagleh,61
Central River Region,Jahaly,2066
Central River Region,Jahanka,1252
Central River Region,Jahawurr Mandinka,588
Central River Region,Jahawurr Tukulor,268
Central River Region,Jailan,391
Central River Region,Jakaba,965
Central River Region,Jakaba,71
Central River Region,Jakoto,262
Central River Region,Jala Koto,406
Central River Region,Jalala Mudu Bah,65
Central River Region,Jallow Kunda,620
Central River Region,Jallow Kunda,87
Central River Region,Jallow Kunda,63
Central River Region,Jallow Kunda / Demba Sira,200
Central River Region,Jallow Kunda / kerewan,107
Central River Region,Jallow Kunda Sering,341
Central River Region,Jallubeh,215
Central River Region,Jama Tukulor,132
Central River Region,Jamagen,65
Central River Region,Jamagen,69
Central River Region,Jamagen,190
Central River Region,Jamal Babou,183
Central River Region,Jamal Bereh Jallow,128
Central River Region,Jamal Ganiado Njie,354
Central River Region,Jamal Kebba Jobel,39
Central River Region,Jamal Kerr Katim,826
Central River Region,Jamal Tamsir Musa,272
Central River Region,Jamal Tamsir Secka,172
Central River Region,Jamara Nema,246
Central River Region,Jamara Sarr Kunda,210
Central River Region,Jamjam Yerro,22
Central River Region,Jamweli,316
Central River Region,Jamwelly,285
Central River Region,Jamwelly,61
Central River Region,Jamwelly,64
Central River Region,Jamwelly Gainako,139
Central River Region,Jamwelly Galajo Bah,29
Central River Region,Jamwelly Sare Jawo,141
Central River Region,Jamwelly Sarjo,91
Central River Region,Janjanbureh,3789
Central River Region,Jareng Hamdalai,102
Central River Region,Jareng Kerr modou Warr,228
Central River Region,Jareng Passi,42
Central River Region,Jarreng,2205
Central River Region,Jarreng Tenda,163
Central River Region,Jarumeh Koto,1446
Central River Region,Jarumeh Kuta,383
Central River Region,Jawo Kunda,169
Central River Region,Jawula ba Kunda,297
Central River Region,Jimbala Alhagie Sanoho,142
Central River Region,Jimbala Ali Hincha / Kerr Jah,190
Central River Region,Jimbala Felngo,526
Central River Region,Jimbala Kerr Chendou,337
Central River Region,Jimbala Kerr Cherno,104
Central River Region,Jimbala Kerr Malick Njie,263
Central River Region,Jimbala Kerr Musa (Kerr Choire),94
Central River Region,Jisadi,480
Central River Region,Jockul,515
Central River Region,Jokul Ndawen,1486
Central River Region,Kabamba,86
Central River Region,Kai Kunda,2
Central River Region,Kalem Jawbeh,191
Central River Region,Kalem Saine,215
Central River Region,Kali Kunda,143
Central River Region,Kalli Kagera,97
Central River Region,Karantaba,66
Central River Region,Karantaba Bantang Koto,83
Central River Region,Karantaba Duto Koto,391
Central River Region,Karantaba Tabokoto,269
Central River Region,Karantaba Tenda,180
Central River Region,Karantaba Tenda,43
Central River Region,Karantaba Tukolorr,466
Central River Region,Karantaba Wollof,292
Central River Region,Kass Fula,233
Central River Region,Kass Proum,187
Central River Region,Kass Wollof,785
Central River Region,Kass Yallal Fula,119
Central River Region,Kass Yallal Wollof,204
Central River Region,Kataba /Samuya,135
Central River Region,Kataba Omar Ndow,716
Central River Region,Kataba Serign Kah,300
Central River Region,Katamina,512
Central River Region,Kaur Janneh Kunda,1118
Central River Region,Kaur Touray Kunda,1663
Central River Region,Kaur Wharf Town,1958
Central River Region,Kawlong,405
Central River Region,Kawlong Alieu,278
Central River Region,Kawlong Ousman,110
Central River Region,Kayai,86
Central River Region,Kayai,661
Central River Region,Ker Galajo,124
Central River Region,Ker Mamudu Fana,68
Central River Region,Ker Tamsir,173
Central River Region,Ker Waka,116
Central River Region,Kerewan Bakary/Sare Bakary,210
Central River Region,Kerewan Demba,694
Central River Region,Kerewan Lang Kuta (Kerewan Dumbo Kono),405
Central River Region,Kerewan Mandinka,640
Central River Region,Kerewan Samba Sire (Kerewan Fula),970
Central River Region,Kerewan Sito Koto,289
Central River Region,Kerewan Touray,287
Central River Region,Kerr Ali Jelleh,340
Central River Region,Kerr Alpha Sanna,53
Central River Region,Kerr Biran Pakala,819
Central River Region,Kerr Demba Gabou,162
Central River Region,Kerr Gibby,266
Central River Region,Kerr Gibel,239
Central River Region,Kerr Hamat Demba,36
Central River Region,Kerr Jabel,99
Central River Region,Kerr Kossa,142
Central River Region,Kerr Lien,117
Central River Region,Kerr Mahalima (Madina Madi),401
Central River Region,Kerr Maila,250
Central River Region,Kerr Maila Secka,10
Central River Region,Kerr Maka Tukulor,106
Central River Region,Kerr Maka Wollof,150
Central River Region,Kerr Mamaid,97
Central River Region,Kerr Mod Hale,81
Central River Region,Kerr Njagga (Ngayen),516
Central River Region,Kerr Omar /Missira Thoben,575
Central River Region,Kerr Ousman Boye,1056
Central River Region,Kerr Sait Maram,400
Central River Region,Kerr Sait Saloum,322
Central River Region,Kerr Sam Boye,178
Central River Region,Kerr Samba Sira,190
Central River Region,Kesseri Kunda,221
Central River Region,Kibiri,681
Central River Region,Kofa,176
Central River Region,Koli Kunda,107
Central River Region,Kolly Kunda,366
Central River Region,Konko Duma,61
Central River Region,Konko Fula (Sangule),196
Central River Region,Konteh,781
Central River Region,Kora,82
Central River Region,Korop (Dungal),119
Central River Region,Kucha,162
Central River Region,Kudang,2543
Central River Region,Kudang Tenda,450
Central River Region,Kujew,216
Central River Region,Kujew Fula Kunda,30
Central River Region,Kulenya Badala,26
Central River Region,Kumbaney Buniadu,184
Central River Region,Kumbaney Mandinka,118
Central River Region,Kumbija,53
Central River Region,Kuno Ngunta,329
Central River Region,Kuntaur Fula Kunda,789
Central River Region,Kuntaur Wharf Town,1245
Central River Region,Kunting,1417
Central River Region,Kununku,266
Central River Region,Kusalang,211
Central River Region,Kuyarang,46
Central River Region,Laminkoto,519
Central River Region,Laminkoto Terminal,253
Central River Region,Leba Pegel,44
Central River Region,Leba Seedy Njie,39
Central River Region,Librass,695
Central River Region,Mabali Koto,374
Central River Region,Mabali Kuta,542
Central River Region,Macca Mbayen,1081
Central River Region,Macca Saderr Manneh,270
Central River Region,Madiana,464
Central River Region,Madina Adam Jossy,144
Central River Region,Madina Banni (Fass Banni),60
Central River Region,Madina Challen (Njoben),30
Central River Region,Madina Chamen,43
Central River Region,Madina Jali Madi,30
Central River Region,Madina Jawbeh / Samba Rakeh,74
Central River Region,Madina Jiki (Jiki-ya),172
Central River Region,Madina Jokul/Sinchu Ndowen,109
Central River Region,Madina Karim,53
Central River Region,Madina Kula Bah,44
Central River Region,Madina Lamin Kanteh,746
Central River Region,Madina Manneh,208
Central River Region,Madina Njain,42
Central River Region,Madina Njaine,91
Central River Region,Madina Nyangen/Genteh Burr,277
Central River Region,Madina Serigne Njie,79
Central River Region,Madina Sinchang,60
Central River Region,Madina Tamsiru (Njorem),426
Central River Region,Madina Umfally,3214
Central River Region,Maka Ali Sarr Serigne,525
Central River Region,Makka Jaha,18
Central River Region,Mali Kunda,392
Central River Region,Malick Mbye,353
Central River Region,Mama Yunkumeh (Bantangel),20
Central River Region,Mama Yunkumeh (Bayaba),35
Central River Region,Mamud Fana,1466
Central River Region,Manjakharr,165
Central River Region,Manjumba,244
Central River Region,Manna,243
Central River Region,Manneh Kunda,307
Central River Region,Marsay,68
Central River Region,Maundeh Kunda,457
Central River Region,Mba Fatu,124
Central River Region,Mbaien Birom Bah,109
Central River Region,Mban Sara Kumba (Sinchu Sara Kumba),33
Central River Region,Mbarro,206
Central River Region,Mbayen,694
Central River Region,Mbayen Burama,159
Central River Region,Mbayen Chand Mbai,283
Central River Region,Mbayen Fula /Mbayen Tombong,61
Central River Region,Mbayen Kambi,64
Central River Region,Mbayen Saine,294
Central River Region,Mbayen Wollof,200
Central River Region,Mbogen,47
Central River Region,M'Bolbuck Tombong,97
Central River Region,M'Bolgoh,155
Central River Region,Mbulbuk Batch (Sare Nyanga),139
Central River Region,Mbull Manda,138
Central River Region,Mbyan Kerr Ndery Touray,51
Central River Region,Mecca Gui,59
Central River Region,Medina Amadou (Sare Futa),638
Central River Region,Medina Ceesay Kunda,159
Central River Region,Medina Duta,119
Central River Region,Medina M'Jaine,164
Central River Region,Medina Tunjang,1266
Central River Region,Medina Wallom,65
Central River Region,Misira,431
Central River Region,Misira Amadou Badjan,64
Central River Region,Misira Sambayel Cham,295
Central River Region,Missera Mbayen /Sinchu Madado,999
Central River Region,Missira,18
Central River Region,Missira,306
Central River Region,Missira Jammeh Kebbeh,79
Central River Region,Missira Mbye Sowe,223
Central River Region,Missira Ngaine Tanu,365
Central River Region,Missira Pateh Ganno,84
Central River Region,Modikaya,60
Central River Region,Moria,129
Central River Region,Muritabeh,460
Central River Region,Musa Bah/Auldeh,471
Central River Region,Nana Ba,336
Central River Region,Nana Missira,56
Central River Region,Nana Sameh,159
Central River Region,Nawell,146
Central River Region,Ndakaru,26
Central River Region,Ndakaru (Dahar),157
Central River Region,Ndakaru Angalleh,23
Central River Region,Ndikiri Kunda/Sare Samba Tako,713
Central River Region,Ndorna,181
Central River Region,N'Drammeh,154
Central River Region,Nema,74
Central River Region,Nema,360
Central River Region,Nema Fula Kunda,127
Central River Region,Nema Mandinka,204
Central River Region,Nema Samba,128
Central River Region,Nema Sambou Jallow,45
Central River Region,Nemataba Alpha,69
Central River Region,Ngaige,297
Central River Region,Ngawarr,185
Central River Region,Ngeden,234
Central River Region,Ngike,115
Central River Region,Niakoi Tukulor,109
Central River Region,Niakoi Wollof,163
Central River Region,Nianimaro Tenda,10
Central River Region,Nioro Buba (Sinchu Omar),268
Central River Region,Nioro Ebrima Wan,183
Central River Region,Njalal,162
Central River Region,Njalal Fula,59
Central River Region,Njalal Samba,435
Central River Region,Njalal Samba Bah,239
Central River Region,Njama Fafa Ceesay,66
Central River Region,Njama Hainuman,152
Central River Region,Njau Sawallo,623
Central River Region,Njaw Jaha,112
Central River Region,Njie Kunda,660
Central River Region,Njie Kunda,166
Central River Region,Njie Kunda /Sinchu Saidy,98
Central River Region,Njoben,2012
Central River Region,Njoben Fula,338
Central River Region,Njoben Karim,217
Central River Region,Njoben Samba Narr,105
Central River Region,Njoben Tukulor,178
Central River Region,Njoben Wollof,180
Central River Region,Njokoben,58
Central River Region,Nyanga Bakary/Challen Bakary,263
Central River Region,Nyanga Bantang,779
Central River Region,Nyangen,420
Central River Region,Nyoro Buba Njie,216
Central River Region,Nyoro Challen,69
Central River Region,Nyoro Demba Njie,180
Central River Region,Nyoro Wollof/Bamba,467
Central River Region,Pachari,1329
Central River Region,Pachonki,2432
Central River Region,Pakala,101
Central River Region,Pakan,187
Central River Region,Paleleh,412
Central River Region,Pallang Mandinka,270
Central River Region,Pallang Toranka,115
Central River Region,Pallol Fula,353
Central River Region,Pallol Wollof,545
Central River Region,Panchang,18
Central River Region,Panchang Madi Fana,294
Central River Region,Panchang Maka Gui,200
Central River Region,Panchang Sinchu Taba,286
Central River Region,Panchang Wharf Town,736
Central River Region,Papa,304
Central River Region,Pateh Gai,252
Central River Region,Pateh Sam,2123
Central River Region,Pinai Fula Kunda,103
Central River Region,Pinai Mandinka,305
Central River Region,Porli Baro Khan,116
Central River Region,Porli Lewna,59
Central River Region,Porli Tukulorr / Porli Nyangen,149
Central River Region,Ramatoulai,408
Central River Region,Reneru Fula,269
Central River Region,Reneru Wollof,726
Central River Region,Sabusireh,75
Central River Region,Safalu,170
Central River Region,Sahuma Kunda,57
Central River Region,Sait Sowe,39
Central River Region,Salikenneh,151
Central River Region,Sam,443
Central River Region,Samba Jobe/Sasuna,269
Central River Region,Sambang Mandinka Kunda,230
Central River Region,Sambang Nigi,453
Central River Region,Sambang Njie Kunda,59
Central River Region,Sambang Njuga Kunda,92
Central River Region,Sambang Wollof,248
Central River Region,Sambel Kunda,53
Central River Region,Sambel Kunda,680
Central River Region,Sambel Kunda /Daka,46
Central River Region,Sami,62
Central River Region,Sami Madina,913
Central River Region,Sami Omar Jula,132
Central River Region,Sami Suruwa Kunda,848
Central River Region,Sami Wharf Town,85
Central River Region,Sancha Lowen,55
Central River Region,Sanda,232
Central River Region,Sanguleh,399
Central River Region,Sankabarry,156
Central River Region,Sankuleh Kunda,615
Central River Region,Santanto Bubu,369
Central River Region,Santanto Mawdo,400
Central River Region,Santanto Mundong,91
Central River Region,Santanto Ousman,82
Central River Region,Santanto Samba Dem,130
Central River Region,Santanto Wurumang,484
Central River Region,Sapu,114
Central River Region,Sare Abdou,342
Central River Region,Sare Adama,210
Central River Region,Sare Alpha,316
Central River Region,Sare Babou (Taifa Amadou),465
Central River Region,Sare Bakary,48
Central River Region,Sare Balla /Kanel Samba/Ngudoro,166
Central River Region,Sare Batch,225
Central River Region,Sare Buty (Bantang Nyima),226
Central River Region,Sare Chewto (Lalagui),381
Central River Region,Sare Daddy,239
Central River Region,Sare Demba Sowe,30
Central River Region,Sare Dembaru,103
Central River Region,Sare Fosseri,129
Central River Region,Sare Giddeh,278
Central River Region,Sare Hamadi,68
Central River Region,Sare Jajeh /Sanyang,190
Central River Region,Sare Janko,510
Central River Region,Sare Jarbel,290
Central River Region,Sare Jarjeh,99
Central River Region,Sare Jibel,215
Central River Region,Sare Kaba,30
Central River Region,Sare Kali Kandeh,94
Central River Region,Sare Kaniman,326
Central River Region,Sare Kinti / Chibbasso,161
Central River Region,Sare Luba,338
Central River Region,Sare Madi Babadi,160
Central River Region,Sare Madi Genteh (Jalubeh),289
Central River Region,Sare Madou,59
Central River Region,Sare Malang (Sinchang Sana/Fuladu Sana),205
Central River Region,Sare Mansong / Nema Taba Mansong,85
Central River Region,Sare Mawundeh /Achanam,42
Central River Region,Sare Molloh (Ndungall),99
Central River Region,Sare Mudu,43
Central River Region,Sare Mudu,111
Central River Region,Sare Nafali (Khahow),326
Central River Region,Sare Ngai,494
Central River Region,Sare Ngallen,232
Central River Region,Sare Nyanga Bamoul,55
Central River Region,Sare Nyebeh/Hamdalie,130
Central River Region,Sare Pateh,35
Central River Region,Sare Pateh,30
Central River Region,Sare Pateh (Ibada),104
Central River Region,Sare Pateh Gassama,122
Central River Region,Sare Pateh Jawo,150
Central River Region,Sare Samba,172
Central River Region,Sare Samba Kah,108
Central River Region,Sare Sambulu / Sare Lama,182
Central River Region,Sare Sawadi,223
Central River Region,Sare Seedy,545
Central River Region,Sare Selery,357
Central River Region,Sare Soffie,498
Central River Region,Sare Temanso,100
Central River Region,Sare Yera Golori,389
Central River Region,Sare Yero Tako,265
Central River Region,Sare Yerro Yoba/Lamoi,148
Central River Region,Sare Yewtu,10
Central River Region,Sare Yewtu,276
Central River Region,Saruja,1867
Central River Region,Sendebou,122
Central River Region,Serirn Saho,120
Central River Region,Sey Kunda,437
Central River Region,Sey Kunda,180
Central River Region,Simbara Khai,368
Central River Region,Simbara Manjai,46
Central River Region,Simbara N'Gorr,52
Central River Region,Simbara Tukulorr,43
Central River Region,Simchu Madina,56
Central River Region,Sinchan Dura (Bayaba),35
Central River Region,Sinchang Demba Kandeh,17
Central River Region,Sinchang Galajo,56
Central River Region,Sinchang Sakou,225
Central River Region,Sinchu Alagie /Daru Salam,810
Central River Region,Sinchu Alagie Jatta/Sare Jatta,122
Central River Region,Sinchu Bamba,351
Central River Region,Sinchu Baya,138
Central River Region,Sinchu Baya,376
Central River Region,Sinchu Bora,160
Central River Region,Sinchu Bully,54
Central River Region,Sinchu Chamalel,70
Central River Region,Sinchu Chandery,164
Central River Region,Sinchu Colley,50
Central River Region,Sinchu Delegas,296
Central River Region,Sinchu Demba,100
Central River Region,Sinchu Dembel,130
Central River Region,Sinchu Galo /Wellingara,75
Central River Region,Sinchu Garaba,95
Central River Region,Sinchu Gundo,416
Central River Region,Sinchu Jataly,244
Central River Region,Sinchu Jenu Touray,71
Central River Region,Sinchu Jenun Daka,67
Central River Region,Sinchu Magai,648
Central River Region,Sinchu Malick Barry,127
Central River Region,Sinchu Modi,52
Central River Region,Sinchu Mollen/Madina Mollen,80
Central River Region,Sinchu Ngai,80
Central River Region,Sinchu Njaga Touray,11
Central River Region,Sinchu Njanko / Fadiya Kunda,218
Central River Region,Sinchu Njugary(Madina Njugang),267
Central River Region,Sinchu Samba Jawo,204
Central River Region,Sinchu Sara Lelleh,45
Central River Region,Sinchu Sega/Sinchang Sambunding,83
Central River Region,Sinchu Tamsir,666
Central River Region,Sinchu Yoro,75
Central River Region,Sinchu Yorro / Wellingara,212
Central River Region,Sofanyama (Futayel),105
Central River Region,Sokokoi,978
Central River Region,Sololo Fula Kunda),247
Central River Region,Sololo Mandinka Kunda,946
Central River Region,Sotokoi,192
Central River Region,Sotokoi Lamin,5
Central River Region,Sowe Kunda,85
Central River Region,Sukurr,352
Central River Region,Sukurr Kunda,610
Central River Region,Sukuta,1778
Central River Region,Sukuta,317
Central River Region,Sunchu Sam Pateh,51
Central River Region,Tabanani,471
Central River Region,Tabanani,98
Central River Region,Tabanani,720
Central River Region,Tabanding,481
Central River Region,Tabato Demba Kandeh,226
Central River Region,Tabaworo Amat Ann,53
Central River Region,Tabaworo Nyukulum,27
Central River Region,Tabayel,55
Central River Region,Taiba Siareh,45
Central River Region,Taifa,1350
Central River Region,Tamba,417
Central River Region,Tamba Kunda,43
Central River Region,Tandi,250
Central River Region,Tandy Barra / Tandy Toro,211
Central River Region,Tandy Kunda Mandinka,538
Central River Region,Tandy Kunda Wollof,64
Central River Region,Tankong Kunda,465
Central River Region,Tassaly,72
Central River Region,Temanto Chedo (Sinchu Chedoyel),265
Central River Region,Temanto Mulai,38
Central River Region,Temanto Sinchu Kulereh,32
Central River Region,Temengi,23
Central River Region,Tenenfara,301
Central River Region,Tento Madi Secka /Tento Chebo,213
Central River Region,Tento Malick Bah,151
Central River Region,Tento Malick Secka,46
Central River Region,Thirty Mile (Kerr Bamba),402
Central River Region,Timpa,111
Central River Region,Toben,163
Central River Region,Toniataba,75
Central River Region,Torro,91
Central River Region,Touba Mbachi/Sare Modou,192
Central River Region,Touba Mboyen (Touba Ousman Boye),128
Central River Region,Touba Mourie,234
Central River Region,Toubanding,275
Central River Region,Tuba Demba Sama,412
Central River Region,Tuba Koto,181
Central River Region,Tuba Kuta,444
Central River Region,Tuba Pakala,110
Central River Region,Tyba ,189
Central River Region,Waasu,2295
Central River Region,Wali Kunda,114
Central River Region,Wellingara /Sare Debo,335
Central River Region,Wellingara Alpha,124
Central River Region,Wellingara Buba Bah,227
Central River Region,Wellingara Demba Kandeh,404
Central River Region,Wellingara Ello,196
Central River Region,Wellingara Kali/Nyameng Kunda,352
Central River Region,Wellingara Kejaw,557
Central River Region,Wellingara Madina,197
Central River Region,Wellingara Momodou Jallow,284
Central River Region,Wellingara Montang,82
Central River Region,Wellingara Ngorr,291
Central River Region,Wellingara Omar/Hydara,177
Central River Region,Wellingara Tamba,16
Central River Region,Wellingara Yorroba (Kerr Laye),619
Central River Region,Woi Buray,67
Central River Region,Wuring Kunda,109
Central River Region,Yero Muka,71
Central River Region,Yerro Bere Kunda Fula,378
Central River Region,Yerro Beri Kunda Mandinka,469
Central River Region,Yidda,66
Central River Region,Yornah,384
Central River Region,Yorro Ya,62
Lower River Region,Badumeh Koto,295
Lower River Region,Badumeh Kuta,193
Lower River Region,Bajana,410
Lower River Region,Bambako,253
Lower River Region,Bankuling,22
Lower River Region,Bantan Nyima,100
Lower River Region,Bantasu,13
Lower River Region,Baroow Kunda,2542
Lower River Region,Bateling,232
Lower River Region,Brikama N'Ding,58
Lower River Region,Budyell,288
Lower River Region,Buiba Jallow Kunda,140
Lower River Region,Buiba Mandinka,463
Lower River Region,Buiba Musa Njadoh,210
Lower River Region,Bumarr,256
Lower River Region,Bureng,1313
Lower River Region,Burong,441
Lower River Region,Dabaly,38
Lower River Region,Dabatu (Sampang Ndama),170
Lower River Region,Darsilami,534
Lower River Region,Darsilami Crossma,101
Lower River Region,Darusalam,237
Lower River Region,Demati Kiunda,267
Lower River Region,Diganteh Demba Gullo,409
Lower River Region,Dingirai,218
Lower River Region,Dongoro Nding,106
Lower River Region,Dongoroba,1416
Lower River Region,Dumbuto,700
Lower River Region,Felleng Koto,171
Lower River Region,Fonkoi Kunda,276
Lower River Region,Forlolo,235
Lower River Region,Foroyaa Fula,103
Lower River Region,G G F P,1
Lower River Region,Genier,584
Lower River Region,Giffine,452
Lower River Region,Gissay,113
Lower River Region,Hamdalai,140
Lower River Region,Hamdalai,11
Lower River Region,Jababa,105
Lower River Region,Jabisa,255
Lower River Region,Jalangbereh Crossma,2018
Lower River Region,Jali,1055
Lower River Region,Jallow Kunda,48
Lower River Region,Jamaru,121
Lower River Region,Jamaya,160
Lower River Region,Janneh Kunda,703
Lower River Region,Japineh Marikoto,1488
Lower River Region,Japineh Tembeto,675
Lower River Region,Jasobo Sanneh,271
Lower River Region,Jassong,591
Lower River Region,Jataba,766
Lower River Region,Jatta Kunda,177
Lower River Region,Jenoi,1070
Lower River Region,Jifarong,1251
Lower River Region,Jirroff,485
Lower River Region,Jobe Kunda,117
Lower River Region,Joli,410
Lower River Region,Jomarr,200
Lower River Region,Jula Kunda,244
Lower River Region,Kaiaf,1773
Lower River Region,Kani Kunda,956
Lower River Region,Kantong Kunda,526
Lower River Region,Kanuma,58
Lower River Region,Karantaba,900
Lower River Region,Karantaba,1189
Lower River Region,Kemoto,284
Lower River Region,Keneba,1952
Lower River Region,Keno Koto,32
Lower River Region,Kohel,77
Lower River Region,Kolior Nyamala,348
Lower River Region,Kolior Sula,73
Lower River Region,Kuli Kunda,801
Lower River Region,Kundang Numu Kunda,215
Lower River Region,Kundong Fula Kunda,133
Lower River Region,Kundong Mariya,16
Lower River Region,Kuyang Bajonki,112
Lower River Region,Kwinella Nia Kunda,1290
Lower River Region,Kwinella Sansankono,758
Lower River Region,Madina,556
Lower River Region,Madina Angalleh,794
Lower River Region,Madina Ceesay Kunda,65
Lower River Region,Madina Fonkoi,220
Lower River Region,Madina Foroyaa,174
Lower River Region,Madina Fula Kunda,273
Lower River Region,Madina Kaiaf,1410
Lower River Region,Manarr,21
Lower River Region,Mandina,147
Lower River Region,Mandina,284
Lower River Region,Manduar,566
Lower River Region,Mansakonko,331
Lower River Region,Massembeh,636
Lower River Region,Minna,161
Lower River Region,Misira,806
Lower River Region,Missira Cham / Minna,51
Lower River Region,Missira Tenda,81
Lower River Region,Munku Talla,189
Lower River Region,Nema,1024
Lower River Region,Nema,90
Lower River Region,Nema Kuta,84
Lower River Region,Nemakuta,241
Lower River Region,Niawurulung,256
Lower River Region,Nineteen,9
Lower River Region,Nioro Angalleh,97
Lower River Region,Nioro Jataba,1321
Lower River Region,N'Joba Kunda,187
Lower River Region,Njolfen,498
Lower River Region,Pakaliba,1050
Lower River Region,Pakalinding,2114
Lower River Region,Sandeng,233
Lower River Region,Sani Kolly,179
Lower River Region,Sankandi,590
Lower River Region,Sankuwia,1571
Lower River Region,Santamba,1
Lower River Region,Sara Babou Manokang,30
Lower River Region,Sare Biran,86
Lower River Region,Sare Bully,23
Lower River Region,Sare Mamudou,97
Lower River Region,Sare Musa,25
Lower River Region,Sare Musa (Diganteh),700
Lower River Region,Sare Ndala,43
Lower River Region,Sare Pateh,46
Lower River Region,Sare Saidy,169
Lower River Region,Sare Saidy,37
Lower River Region,Sare Samba,371
Lower River Region,Sare Sarjo,236
Lower River Region,Sarr Kunda,65
Lower River Region,Sasita Toranka,349
Lower River Region,Seno Bajonki,607
Lower River Region,Si Kunda,1047
Lower River Region,Sibeto,873
Lower River Region,Sibinding,186
Lower River Region,Sibinding Crossma,112
Lower River Region,Sinchu Njenkuntu,135
Lower River Region,Sitahuma,288
Lower River Region,Soma,12672
Lower River Region,Sukuta,440
Lower River Region,Suluko,64
Lower River Region,Sumbundu,322
Lower River Region,Sutukung,2331
Lower River Region,Sutukung Jallow Kunda,49
Lower River Region,Tabanani,213
Lower River Region,Taborang Koto,104
Lower River Region,Tankularr,681
Lower River Region,Tendaba,388
Lower River Region,Toniataba,1057
Lower River Region,Toranka Bantang,177
Lower River Region,Wellingara,125
Lower River Region,Wellingara / Juta Kunda,106
Lower River Region,Wellingara-Ba (Bureng Crossma),2520
Lower River Region,Wudeba,89
Lower River Region,Wurokang,598
Lower River Region,Yorro Jula,57
North Bank East Region,Alkali Kunda,922
North Bank East Region,Amdalai/Pallen,489
North Bank East Region,Ballingho,332
North Bank East Region,Bamba Tenda,145
North Bank East Region,Bambally,1234
North Bank East Region,Banni,1477
North Bank East Region,Banta-Su,136
North Bank East Region,Bassik,453
North Bank East Region,Bereto,196
North Bank East Region,Biram Penda Maida,183
North Bank East Region,Birom Gido,130
North Bank East Region,Birong Kunda,69
North Bank East Region,Brikama,37
North Bank East Region,Buranya,303
North Bank East Region,Busura,288
North Bank East Region,Chamaya,181
North Bank East Region,Chamen,300
North Bank East Region,Chamen,306
North Bank East Region,Cheedy Kunda Lawbeh,45
North Bank East Region,Cheedy Kunda Wollof,50
North Bank East Region,Cheeken,281
North Bank East Region,Choken Fula,292
North Bank East Region,Choken Missira,35
North Bank East Region,Daffa,261
North Bank East Region,Dai Fula/Mbapu Kunda,34
North Bank East Region,Dai Mandinka,457
North Bank East Region,Daru Barakatu,282
North Bank East Region,Daru Rahman,93
North Bank East Region,Daru Riliwan,2163
North Bank East Region,Daru Salam,368
North Bank East Region,Dasilameh/Challa,271
North Bank East Region,Dibba Kunda Fula,358
North Bank East Region,Dibba Kunda Wollof,1276
North Bank East Region,Dobo (Bangaya),811
North Bank East Region,Duta Bulu,397
North Bank East Region,Farafenni,27396
North Bank East Region,Farato,46
North Bank East Region,Foday Biran,141
North Bank East Region,Gikimarr,533
North Bank East Region,Gumalo-Ya,130
North Bank East Region,Gunjur,1310
North Bank East Region,Illiassa,1305
North Bank East Region,India,608
North Bank East Region,Jajary,730
North Bank East Region,Jalaba,227
North Bank East Region,Jali Kunda,65
North Bank East Region,Jali Kunda Kekuta,113
North Bank East Region,Jamagen,100
North Bank East Region,Jamali Mballow,300
North Bank East Region,Jambaya,170
North Bank East Region,Jammeh Kunda,382
North Bank East Region,Jeruko Fula,412
North Bank East Region,Jeruko Wollof,581
North Bank East Region,Jirong,34
North Bank East Region,Jumangsarr Ba,877
North Bank East Region,Jumansarr Koto,91
North Bank East Region,Kahen,211
North Bank East Region,Kani Kunda Suba,393
North Bank East Region,Kani Kunda Tenda,228
North Bank East Region,Karantaba,148
North Bank East Region,Kataba Mandinka,300
North Bank East Region,Kataba Mbapu,155
North Bank East Region,Kataba Tata,77
North Bank East Region,Katchang,1788
North Bank East Region,Kekuta Kunda,374
North Bank East Region,Kerewan,4570
North Bank East Region,Kerr Ali,528
North Bank East Region,Kerr Ardo,960
North Bank East Region,Kerr Bamba Lowe,520
North Bank East Region,Kerr Banno,195
North Bank East Region,Kerr Gallow (Mbandi Kunda),22
North Bank East Region,Kerr Juka,26
North Bank East Region,Kerr Katim Fula,199
North Bank East Region,Kerr Katim Wollof,361
North Bank East Region,Kerr Madi,93
North Bank East Region,Kerr Ndongo,80
North Bank East Region,Kerr Pateh Koreh,1801
North Bank East Region,Kerr Sulay /Fass,889
North Bank East Region,Kinteh Kunda,670
North Bank East Region,Kinteh Kunda Jannehya,973
North Bank East Region,Konteh Kunda Nigi,744
North Bank East Region,Konteh Kunda Sukoto,653
North Bank East Region,Kosy Sani,59
North Bank East Region,Kubandarr,174
North Bank East Region,Kuli Kunda Fula,112
North Bank East Region,Kuli Kunda Wollof,53
North Bank East Region,Kumbija,560
North Bank East Region,Kunjata,500
North Bank East Region,Kunjo,491
North Bank East Region,Laliya/Timbing Koto,58
North Bank East Region,Lang Sarr,159
North Bank East Region,Loumen,401
North Bank East Region,Macca Farafenni,1201
North Bank East Region,Maida Moddy,142
North Bank East Region,Mandory,967
North Bank East Region,Marong Kunda,461
North Bank East Region,Mballow Ebra,396
North Bank East Region,Mballow Omar (Sinchu Sanjal),966
North Bank East Region,Mballow Tega,52
North Bank East Region,Mbamurr Kunda,296
North Bank East Region,Mbantang,235
North Bank East Region,Mbapa Bah,255
North Bank East Region,Mbapa Mariga,301
North Bank East Region,Mbayen,346
North Bank East Region,Mbayen Demba Jange,14
North Bank East Region,Mbye Dara,90
North Bank East Region,Minteh Kunda,639
North Bank East Region,Missira,30
North Bank East Region,Missira,219
North Bank East Region,Nawleru,798
North Bank East Region,Ndangka Ndangka,47
North Bank East Region,Ndowen,222
North Bank East Region,Nduren,230
North Bank East Region,Neteberi,80
North Bank East Region,Ngayen Sabach,302
North Bank East Region,Ngayen Sanjal,2951
North Bank East Region,Ngeirr,312
North Bank East Region,Njaba Kunda,2865
North Bank East Region,Njaine,569
North Bank East Region,Njangen,106
North Bank East Region,Njawara,944
North Bank East Region,Njie Kunda,114
North Bank East Region,Njie Kundaring,195
North Bank East Region,Njonen,451
North Bank East Region,No-Kunda,1833
North Bank East Region,Numu Kunda,364
North Bank East Region,Nyang Kunda,191
North Bank East Region,Nyatanorr Fula,189
North Bank East Region,Nyatanorr Wollof,189
North Bank East Region,Nyiribaya,107
North Bank East Region,Pallen Fula,639
North Bank East Region,Pallen Wollof,1368
North Bank East Region,Palodi,27
North Bank East Region,Panneh Bah,153
North Bank East Region,Passimut,319
North Bank East Region,Saaba,1990
North Bank East Region,Sabach Njaine,1575
North Bank East Region,Sabach Sukoto,116
North Bank East Region,Sallikenni,3403
North Bank East Region,Samataba,197
North Bank East Region,Samba Musa,98
North Bank East Region,Samba Soto,301
North Bank East Region,Sancha Medina,133
North Bank East Region,Sanchi Pallen,355
North Bank East Region,Sankalang,186
North Bank East Region,Sara Kunda,1346
North Bank East Region,Sare Biram Kardo,168
North Bank East Region,Sare Birom Kunda,53
North Bank East Region,Sare Ello/Buya,50
North Bank East Region,Sare Jamjido,196
North Bank East Region,Sare Mari/Maria,102
North Bank East Region,Sare Samba Sowe /Samba Nyado,181
North Bank East Region,Sheikh Taal,572
North Bank East Region,Sinchu Demba,38
North Bank East Region,Sinchu Njabo,88
North Bank East Region,Sukoto Fula,85
North Bank East Region,Suwareh Kunda,1264
North Bank East Region,Taiba,106
North Bank East Region,Taiba (Jebel Satou),40
North Bank East Region,Tallen Fula,362
North Bank East Region,Tallen Wollof,74
North Bank East Region,Talliya,278
North Bank East Region,Tamba Koto,301
North Bank East Region,Tambaringoto (Biram Kardo),62
North Bank East Region,Tandaito,86
North Bank East Region,Tawakaltu,201
North Bank East Region,Toro Bah,777
North Bank East Region,Toro Tayan,356
North Bank East Region,Wallalan,378
North Bank East Region,Wayaworr,340
North Bank East Region,Wellingara,145
North Bank East Region,Yalal Tankong Jala,649
North Bank East Region,Yallal Bah,482
North Bank East Region,Yallal Bah,541
North Bank East Region,Yuuna,219
North Bank West Region,Albreda,1356
North Bank West Region,Aljamdou,1066
North Bank West Region,Amdalai,1626
North Bank West Region,Amdalai,14
North Bank West Region,Bafuloto,162
North Bank West Region,Bakalarr,656
North Bank West Region,Bakang,556
North Bank West Region,Bakindick Koto,154
North Bank West Region,Bakindick Mandinka,1219
North Bank West Region,Bakindick Tabokoto,125
North Bank West Region,Bakindick Wollof,446
North Bank West Region,Bali Hali Hawa/Kerr Ali Hawa,409
North Bank West Region,Bali Mandinka,729
North Bank West Region,Bangally,24
North Bank West Region,Bantanding Toranka,376
North Bank West Region,Bantanding Wollof,715
North Bank West Region,Barianding,275
North Bank West Region,Barra,5016
North Bank West Region,Berending,1871
North Bank West Region,Buniadu,1080
North Bank West Region,Busura/Kunkujang,156
North Bank West Region,Chamen,829
North Bank West Region,Chamen Sosseh,351
North Bank West Region,Chesey Majaw,813
North Bank West Region,Chessay,239
North Bank West Region,Chilla,1711
North Bank West Region,Conteh( Medina Mbayen),25
North Bank West Region,Darou Fodeba,388
North Bank West Region,Darsilameh,1149
North Bank West Region,Daru Abdoulie,75
North Bank West Region,Daru Lowen,260
North Bank West Region,Daru Matarr Sarr,201
North Bank West Region,Essau,9796
North Bank West Region,Fafanding,226
North Bank West Region,Fass Njaga Choi,3284
North Bank West Region,Fass Omar Chaho,3425
North Bank West Region,Ginack Niji,584
North Bank West Region,Gissay (Kerr Amadou Fayol),1016
North Bank West Region,Jamagen,506
North Bank West Region,Jamagen,60
North Bank West Region,Jamagen,341
North Bank West Region,Jamwelly/Kerr Alieu,86
North Bank West Region,Jinack Kajata,741
North Bank West Region,Jufureh,635
North Bank West Region,Juma Sira(Kerr Yag ),101
North Bank West Region,Jurunku,335
North Bank West Region,Kaba Koto (Kerr Ousman Busso),632
North Bank West Region,Karantaba,350
North Bank West Region,Kassewa,158
North Bank West Region,Kaunma,1784
North Bank West Region,Kerr Alagie Malick,657
North Bank West Region,Kerr Alagie Yerro,631
North Bank West Region,Kerr Bahoum,296
North Bank West Region,Kerr Biran Kan,711
North Bank West Region,Kerr Chandeh,295
North Bank West Region,Kerr Chebo Ceesay,459
North Bank West Region,Kerr Chebou Jallow/Kahel,518
North Bank West Region,Kerr Cherno Baba,1003
North Bank West Region,Kerr Chikam,276
North Bank West Region,Kerr Dekodeh,238
North Bank West Region,Kerr Gallow,398
North Bank West Region,Kerr Gedo (Samba Chargeh),351
North Bank West Region,Kerr Gumbo,49
North Bank West Region,Kerr Gumbo,525
North Bank West Region,Kerr Jane,511
North Bank West Region,Kerr Jarga Jobe,1349
North Bank West Region,Kerr Jatta,788
North Bank West Region,Kerr Juma Hawa,32
North Bank West Region,Kerr Mama,586
North Bank West Region,Kerr Marry Dobo,153
North Bank West Region,Kerr Mbuguma,308
North Bank West Region,Kerr Ngorr,756
North Bank West Region,Kerr Ngoyan,403
North Bank West Region,Kerr Omar Jawara,394
North Bank West Region,Kerr Omar Saine,1225
North Bank West Region,Kerr Pateh,554
North Bank West Region,Kerr Sait Cham,244
North Bank West Region,Kerr Sanyang,319
North Bank West Region,Kerr Selleh,178
North Bank West Region,Kerr Sidik (Daru Salam),496
North Bank West Region,Kerr Sukum (Jamburr),155
North Bank West Region,Kerr Tubaye,20
North Bank West Region,Kerr Wally,133
North Bank West Region,Kerr Wally (Harr Yala),7
North Bank West Region,Kerr Wally (Jackley),482
North Bank West Region,Kerr Yero/Sinchu Yero,103
North Bank West Region,Kolley Kunda,108
North Bank West Region,Kuntaya,1326
North Bank West Region,Lamen,904
North Bank West Region,Land Sarr,104
North Bank West Region,Lewna,337
North Bank West Region,Lowen,365
North Bank West Region,Ma Demba Kunda,559
North Bank West Region,Macca Bala Manneh,702
North Bank West Region,Mahmuda,268
North Bank West Region,Malick Nana,466
North Bank West Region,Malick Sarr,341
North Bank West Region,Mayamba,579
North Bank West Region,Mbahen (Kerr Ngata),296
North Bank West Region,Mbankam,673
North Bank West Region,Mbantang Killing,749
North Bank West Region,Mbollet Ba,1527
North Bank West Region,Mbullum,449
North Bank West Region,Mecca Omar Manneh,437
North Bank West Region,Medina Daru,1417
North Bank West Region,Medina Kanuma,1085
North Bank West Region,Medina Mannen,297
North Bank West Region,Medina Njama,231
North Bank West Region,Medina Sanghako,60
North Bank West Region,Medina Sedia,1200
North Bank West Region,Medina Sergne Mass,1799
North Bank West Region,Medina Sotokoi (Sinchu Mutel),286
North Bank West Region,Medina Talen,262
North Bank West Region,Memmeh,724
North Bank West Region,Mendy Kunda,123
North Bank West Region,Missira Alagie Karu,586
North Bank West Region,Missiranding,592
North Bank West Region,Munyagen,1774
North Bank West Region,N'Darameh Joka,828
North Bank West Region,Ndofan,724
North Bank West Region,Ndugu Charen,623
North Bank West Region,Ndungu Kebbeh,3709
North Bank West Region,Nema Kunku,1099
North Bank West Region,Njongon,785
North Bank West Region,Njoufain,310
North Bank West Region,Nyofelleh,326
North Bank West Region,Pakala Demba Kholleh,654
North Bank West Region,Pakau Njogu,1608
North Bank West Region,Pakau Saloum,579
North Bank West Region,Passy Chally,530
North Bank West Region,Passy Mamut Jaw,193
North Bank West Region,Prince,409
North Bank West Region,Saderr Jobe (Sam Njoben),233
North Bank West Region,Sam M'Bollet,515
North Bank West Region,Sam Njoben (Kerr Abdou Fady),192
North Bank West Region,Samba Kala,1227
North Bank West Region,Samba Njabeh,527
North Bank West Region,Samba Yassin,378
North Bank West Region,Sami,1192
North Bank West Region,Sami Koto,394
North Bank West Region,Sami Kuta,423
North Bank West Region,Sami Tenda,208
North Bank West Region,Sare Alpha,550
North Bank West Region,Sare Bigi,259
North Bank West Region,Sare Biram (Kembuling),106
North Bank West Region,Sare Pateh Jawo,54
North Bank West Region,Sare Yerro,201
North Bank West Region,Sika,907
North Bank West Region,Sitanunku,1173
North Bank West Region,Sotokoi (Kerr Weriko),325
North Bank West Region,Tambana,939
North Bank West Region,Toro Alasan,695
North Bank West Region,Touba Angalle,1191
North Bank West Region,Tuba Kolong,1077
North Bank West Region,Wellingara Lewna,309
North Bank West Region,Wellingara Njugareh,458
North Bank West Region,Yallal (Kerr Mari),9
Upper River Region,Alimaka /Nawdeh Tenda,54
Upper River Region,Allunhare Abdou,457
Upper River Region,Allunhari,5604
Upper River Region,Badari,721
Upper River Region,Bahori Jula Kunda,13
Upper River Region,Baja Kunda,6219
Upper River Region,Bajong Fula Kunda,41
Upper River Region,Bajonkoto /Perai Mamadi,773
Upper River Region,Bakadagi,2098
Upper River Region,Bangasia,73
Upper River Region,Baniko Afia,67
Upper River Region,Baniko Ismaila,295
Upper River Region,Baniko Kekoro,1329
Upper River Region,Banni,198
Upper River Region,Banni,502
Upper River Region,Banno Kunda (Kerewan Sillah),157
Upper River Region,Bantunding,1359
Upper River Region,Baraji Kunda /Kerewan,642
Upper River Region,Baraji Tenda Crossing Point,20
Upper River Region,Barrinabeh,163
Upper River Region,Barrow Kunda,1260
Upper River Region,Basse Santo-Su,11354
Upper River Region,Bassending,990
Upper River Region,Berefeteh (Nafugan Modi),358
Upper River Region,Bisandugu,589
Upper River Region,Bohoum Kunda,938
Upper River Region,Boro Dampha Kunda,399
Upper River Region,Boro Kanda Kasseh,1279
Upper River Region,Boro Modi Banni,224
Upper River Region,Boro Samba Ya,257
Upper River Region,Boye Kunda /Sutukonding,38
Upper River Region,Briffu A,961
Upper River Region,Brikama,218
Upper River Region,Busura Alieu,178
Upper River Region,Ceesay Kunda,284
Upper River Region,Chamoi,946
Upper River Region,Chamoi Bunda,1257
Upper River Region,Chamoi Charlie,95
Upper River Region,Changally Chewdo,440
Upper River Region,Changally Lang Kaddy,726
Upper River Region,Chewal,62
Upper River Region,Chewel Bessel,87
Upper River Region,Daba Kunda,88
Upper River Region,Dampha Kunda,4773
Upper River Region,Dandugu,375
Upper River Region,Darboe Kunda,62
Upper River Region,Darsilame Bullembu,1573
Upper River Region,Darsilame Jarjeh/ Darsilame Sega,126
Upper River Region,Darsilame Mandinka,696
Upper River Region,Darsilame Takutala,1467
Upper River Region,Dasilami Julay,241
Upper River Region,Demba Kunda (Brifu Fula Kunda),105
Upper River Region,Demba Kunda Koto,1452
Upper River Region,Demba Kunda Kuta (Mori Bugu),3834
Upper River Region,Demba Kunda Ngalleh,414
Upper River Region,Demba Lingel,19
Upper River Region,Demba Wandu,161
Upper River Region,Dembanding,241
Upper River Region,Diabugu Bassilah,1426
Upper River Region,Diabugu Batapa,4693
Upper River Region,Diabugu Tenda,52
Upper River Region,Dibasy Hella/Sare Hella,78
Upper River Region,Dingiri,3989
Upper River Region,Draman,330
Upper River Region,Elli Kunda,359
Upper River Region,Fadia Kunda,486
Upper River Region,Fantumbung,425
Upper River Region,Farato,298
Upper River Region,Fass Bajong,1061
Upper River Region,Fass Jimara,114
Upper River Region,Fata Tenda,58
Upper River Region,Fatako,258
Upper River Region,Fatoto,1050
Upper River Region,Foday Kunda A,647
Upper River Region,Fula Mori Bochi,237
Upper River Region,Gadafaro,249
Upper River Region,Gambissara,11140
Upper River Region,Gambissara B,7
Upper River Region,Gambissara Lamoi,1348
Upper River Region,Garawol,8787
Upper River Region,Garawol Kuta,100
Upper River Region,Gendeh,237
Upper River Region,Gidda,354
Upper River Region,Giroba Kunda,665
Upper River Region,Gulumbuyel,55
Upper River Region,Gunjar Kuta,1777
Upper River Region,Gunjur Jega,342
Upper River Region,Gunjur Koto,334
Upper River Region,Hafia Allet(Bougal),130
Upper River Region,Hamdalai,136
Upper River Region,Hamdalai Barika (Bolibanna),203
Upper River Region,Hamdalai Fafabeh,98
Upper River Region,Hamdalai Yero,109
Upper River Region,Hella Kunda,330
Upper River Region,Heramakono / Chemenbugu,644
Upper River Region,Jagajary,743
Upper River Region,Jaka Madina,61
Upper River Region,Jaka Madina,191
Upper River Region,Jakaba,578
Upper River Region,Jalakoto (Sare Wali),166
Upper River Region,Jammeh Kunda,106
Upper River Region,Jar Kunda,997
Upper River Region,Jawbeh Sambaru,123
Upper River Region,Jawla,131
Upper River Region,Jawo Kunda,789
Upper River Region,Jawo Kunda (Sare Jarjeh),264
Upper River Region,Julangel,1629
Upper River Region,Kaaba Kamma,3021
Upper River Region,Kambelly,171
Upper River Region,Kanapeh,247
Upper River Region,Kanjanbu/Nema,364
Upper River Region,Kanteli Kunda,230
Upper River Region,Kanubeh,791
Upper River Region,Karantaba,193
Upper River Region,Kassi Kunda,387
Upper River Region,Kebbeh Kunda,327
Upper River Region,Keneba,276
Upper River Region,Keneba,1277
Upper River Region,Kerewan,841
Upper River Region,Kerewan Badala,588
Upper River Region,Kerr Alassan,27
Upper River Region,Kissi Kissi,308
Upper River Region,Koba  Kunda,4820
Upper River Region,Koboto,186
Upper River Region,Koina,6217
Upper River Region,Koli Bantang,501
Upper River Region,Koli Kunda,364
Upper River Region,Kolli Kunda,459
Upper River Region,Kolly Kunda,171
Upper River Region,Koro Jula Kunda,378
Upper River Region,Koro Numu Kunda,259
Upper River Region,Kossemarr Dembell Jawo,85
Upper River Region,Kossemarr Momodou Sutu,408
Upper River Region,Kossemarr Tenda,275
Upper River Region,Kukuyel,288
Upper River Region,Kulari,6021
Upper River Region,Kulari,51
Upper River Region,Kulinto Mawdeh,161
Upper River Region,Kulinto Wally,70
Upper River Region,Kulkuleh,975
Upper River Region,Kumbija,2275
Upper River Region,Kumbul,247
Upper River Region,Kundam Demba,447
Upper River Region,Kundam Foday,236
Upper River Region,Kundam Mafatty,1308
Upper River Region,Kundam Mballow (Kundam Jula),115
Upper River Region,Kunkandiyel,119
Upper River Region,Kuraw Arafang,775
Upper River Region,Kuraw Kemo,343
Upper River Region,Kusi,247
Upper River Region,Kusunu,133
Upper River Region,Kuwonku Ba,1068
Upper River Region,Kuwonkunding,261
Upper River Region,Laibeh Kunda,133
Upper River Region,Legay Kunda,133
Upper River Region,Limbanbulu Bambo,602
Upper River Region,Limbanbulu Yamadu,484
Upper River Region,Madina Balla,237
Upper River Region,Madina Fula / Sare Sibo,364
Upper River Region,Madina Koto,1100
Upper River Region,Madina Nyantangba,124
Upper River Region,Madina Pateh Jammeh,86
Upper River Region,Madina Saho,334
Upper River Region,Madina Samako,704
Upper River Region,Madina Samba Jawo,220
Upper River Region,Madina Samba Sowe (Sinchang Janado),263
Upper River Region,Madina Yelly / Nyamanar Kuta,58
Upper River Region,Madina Yero,99
Upper River Region,Madina Yoro /Banni Bakala,203
Upper River Region,Maka Masireh,927
Upper River Region,Mamadi Ceesay Kunda,424
Upper River Region,Mampatayel,287
Upper River Region,Mankamang Kunda,316
Upper River Region,Manneh  Kunda,1786
Upper River Region,Mano Koto Foday,121
Upper River Region,Mano Koto Keita,124
Upper River Region,Mansajang Kunda,2651
Upper River Region,Mballow Kunda Jimara,133
Upper River Region,Mbaye Kunda,163
Upper River Region,Medina Sadda,137
Upper River Region,Misera,1154
Upper River Region,Missira Banding Jawo,94
Upper River Region,Missiraba Mariama,3772
Upper River Region,Modu Jawo Kunda,257
Upper River Region,Murreh Kunda,713
Upper River Region,Musa Kunda,159
Upper River Region,Musanding Kunda,402
Upper River Region,Nafugan Jawando,76
Upper River Region,Nafugan Jomel,271
Upper River Region,Nafugan Pateh,121
Upper River Region,Nawdeh,477
Upper River Region,Ndimbou,236
Upper River Region,Njaibeh,325
Upper River Region,Njaye (Wassadung),411
Upper River Region,N'Jum Bakary,324
Upper River Region,Numuyel,4578
Upper River Region,Nyamanarr,2703
Upper River Region,Nyamanarr Kuta,9
Upper River Region,Nyangumaro (Busura Foday),10
Upper River Region,Nyankui,665
Upper River Region,Oukassa,131
Upper River Region,Palm Wine Tapping Area,23
Upper River Region,Passamas Fula,624
Upper River Region,Passamas Mandinka,559
Upper River Region,Passonto Kadry,21
Upper River Region,Perai,1233
Upper River Region,Pilinki Korka,16
Upper River Region,Pilinki Tumani,173
Upper River Region,Sabary,38
Upper River Region,Sabi,6103
Upper River Region,Sabi Kalilu,286
Upper River Region,Sabusireh,816
Upper River Region,Sahadatu,32
Upper River Region,Saja Kunda,266
Upper River Region,Sakoli Kunda,59
Upper River Region,Salikene,108
Upper River Region,Samba Kabudeh,139
Upper River Region,Samba Kunda,207
Upper River Region,Samba Lolo,146
Upper River Region,Samba Tacko,578
Upper River Region,Sambel Kunda,371
Upper River Region,Sami Koto,743
Upper River Region,Sami Kuta,356
Upper River Region,Sandi Kunda (Sare Sandi),157
Upper River Region,Sandy Kunda,719
Upper River Region,Sankabarry,162
Upper River Region,Sankabary,161
Upper River Region,Sanunding,1281
Upper River Region,Sara Bayo,138
Upper River Region,Sara Wasar,150
Upper River Region,Sarabanding (Chammoi Sarabanding),33
Upper River Region,Sare Alhagie Sorry (Jallow Kunda),187
Upper River Region,Sare Ali,183
Upper River Region,Sare Ali Jawo,35
Upper River Region,Sare Alpha (Diabugu Alpha),3540
Upper River Region,Sare Batch,94
Upper River Region,Sare Batch  / Hamdalai,71
Upper River Region,Sare Birou,266
Upper River Region,Sare Bojo Baga,230
Upper River Region,Sare Bojo Samba (Gamana),843
Upper River Region,Sare Bojo Samba (Sambutu Samba),529
Upper River Region,Sare Bondo (Gambissara Fula),186
Upper River Region,Sare Bonna,208
Upper River Region,Sare Cherno,196
Upper River Region,Sare Dadi,24
Upper River Region,Sare Demba,124
Upper River Region,Sare Demba Daado,253
Upper River Region,Sare Demba Toro,575
Upper River Region,Sare Donfo,176
Upper River Region,Sare Dulo,168
Upper River Region,Sare Fodikay,484
Upper River Region,Sare Galo Mballow,164
Upper River Region,Sare Ganyado,77
Upper River Region,Sare Garaba,170
Upper River Region,Sare Gayo,82
Upper River Region,Sare Gedda,61
Upper River Region,Sare Gela,194
Upper River Region,Sare Giddeh,240
Upper River Region,Sare Gubu,408
Upper River Region,Sare Gubu Basiru,683
Upper River Region,Sare Gubu Muntaga,169
Upper River Region,Sare Hamadi,130
Upper River Region,Sare Henden /Sendebu Kelepha,165
Upper River Region,Sare Jallow,298
Upper River Region,Sare Jamu Mballow,334
Upper River Region,Sare Jatta,373
Upper River Region,Sare Jawbeh,118
Upper River Region,Sare Jib (Madina Mbayen),226
Upper River Region,Sare Juburu,65
Upper River Region,Sare Kali,25
Upper River Region,Sare Keita,19
Upper River Region,Sare Kockey,416
Upper River Region,Sare Kolli /Jamjam kolly,297
Upper River Region,Sare Kungel / Maniyang,110
Upper River Region,Sare Malla,55
Upper River Region,Sare Mamadi (Niji),539
Upper River Region,Sare Mamudou,376
Upper River Region,Sare Mansali,180
Upper River Region,Sare Mansong,133
Upper River Region,Sare Mbayen,282
Upper River Region,Sare Musa,208
Upper River Region,Sare Ngaba,264
Upper River Region,Sare N'Gai,1153
Upper River Region,Sare N'Gai,201
Upper River Region,Sare Nganya,159
Upper River Region,Sare N'Gatam,169
Upper River Region,Sare Ngengudeh,69
Upper River Region,Sare N'Jobo,369
Upper River Region,Sare Pateh,126
Upper River Region,Sare Pateh Bakary,211
Upper River Region,Sare Pateh/Sambary,46
Upper River Region,Sare Pirasu,881
Upper River Region,Sare Samabo,162
Upper River Region,Sare Samba Kekuta,211
Upper River Region,Sare Samba Tako,270
Upper River Region,Sare Sankulay,435
Upper River Region,Sare Silere,167
Upper River Region,Sare Sillery,221
Upper River Region,Sare Talata,341
Upper River Region,Sare Talo,99
Upper River Region,Sare Teneng,83
Upper River Region,Sare Timbo,69
Upper River Region,Sare Touray,76
Upper River Region,Sare Woka,63
Upper River Region,Sare Wollom,256
Upper River Region,Sare Wossi / Barry,9
Upper River Region,Sare Wuro,305
Upper River Region,Sare Yero Bah,53
Upper River Region,Sare Yero Checkeh,130
Upper River Region,Sare Yerrori,332
Upper River Region,Sare Yoreyel,37
Upper River Region,Sare Yoro Penda,81
Upper River Region,Sendebou,244
Upper River Region,Sifula Keita,87
Upper River Region,Simoto Touba/Touba Kawsu,571
Upper River Region,Sinchang Nyebeh,72
Upper River Region,Sinchu Demba,107
Upper River Region,Sinchu Magai,122
Upper River Region,Sinchu Musa,225
Upper River Region,Sinchu Njaibeh,35
Upper River Region,Sinchu Sura,124
Upper River Region,Song Kunda,1203
Upper River Region,Sotoma Samba Koi,648
Upper River Region,Sotuma,200
Upper River Region,Sotuma Sainey Kandeh,278
Upper River Region,Sotuma Sere,1518
Upper River Region,Suduwol,2166
Upper River Region,Suma Kunda,241
Upper River Region,Suma Kunda Biram,91
Upper River Region,Suma Kunda N'Fally,91
Upper River Region,Sutu Konding,1973
Upper River Region,Sutukoba,3317
Upper River Region,Tabajang,423
Upper River Region,Tabajankeh / Sare Sambel,173
Upper River Region,Tabanding,285
Upper River Region,Tabanding (Sare Sacho),205
Upper River Region,Tabuchindeh,175
Upper River Region,Taibatu,1718
Upper River Region,Taifa,22
Upper River Region,Talto Luntang,148
Upper River Region,Tambasansang,1318
Upper River Region,Temanto,170
Upper River Region,Temanto Burugal,67
Upper River Region,Temanto Nyobung,61
Upper River Region,Tenkoli,121
Upper River Region,Tenkoly,63
Upper River Region,Timbinto,122
Upper River Region,Tinkinjo,564
Upper River Region,Touba Burey,275
Upper River Region,Touba Tafsir,761
Upper River Region,Touba Woppa,427
Upper River Region,Touba Wuli,605
Upper River Region,Tuba Fula (Tuba Dabbo),154
Upper River Region,Tuba Sandu,245
Upper River Region,Tubanding,166
Upper River Region,Walliba Kunda-A,551
Upper River Region,Walliba Kunda-B,173
Upper River Region,Wassadung Jimara,71
Upper River Region,Wellingara Burama / Madi,132
Upper River Region,Wellingara Demba,378
Upper River Region,Wellingara Jawo/Sinchang,23
Upper River Region,Wellingara Kelepha,18
Upper River Region,Wellingara Kubeh,249
Upper River Region,Wellingara Mansal,62
Upper River Region,Wellingara Samba Jideh,47
Upper River Region,Wellingara Suna,92
Upper River Region,Wellingara Susso,100
Upper River Region,Wellingara Yarreh,577
Upper River Region,Yorro Bawol,303
